{
  "initialization_time": 2.248793125152588,
  "execution_time": 50.00738549232483,
  "total_time": 52.25617861747742
}