{
  "initialization_time": 4.252608060836792,
  "execution_time": 64.92660474777222,
  "total_time": 69.17921280860901
}